16297,eng
16298,eng
16299,eng
16300,eng
16303,eng
16304,eng
16305,eng
16306,eng
16307,eng
16308,eng
16314,eng
16315,eng
16316,eng
16319,eng
16320,eng
16322,eng
16325,eng
16326,eng
16328,eng
16331,eng
16332,eng
16333,eng
16335,eng
16336,eng
16338,eng
16339,eng
16340,eng
16341,eng
16342,eng
16343,eng
16344,eng
16349,eng
16356,eng
16360,eng
16361,eng
16362,eng
16363,eng
16364,eng
16366,eng
16368,eng
16369,eng
16371,eng
16372,eng
16422,eng
16424,eng
16426,en-GB
16427,eng
16428,eng
16464,en-US
22159,eng
31300,eng
31301,eng
31302,eng
31303,eng
31304,eng
31306,eng
31307,eng
31308,eng
31309,eng
31318,eng
31319,eng
31322,eng
33400,ger
37562,eng
37563,ger
37574,eng
37575,eng
37582,eng
39954,eng
